<?xml version="1.0" encoding="utf-8"?>
<extension type="component" version="2.5.0" method="upgrade">
 
	<name>solr</name>
	<!-- The following elements are optional and free of formatting conttraints -->
	<creationDate>18 May 2011</creationDate>
	<author>John Verwoerd</author>
	<authorEmail>john@xlab.nl</authorEmail>
	<authorUrl>http://www.johnverwoerd.nl</authorUrl>
	<copyright>Copyright Info</copyright>
	<license>See LICENSE file</license>
	<!--  The version string is recorded in the components table -->
	<version>1.0</version>
	<!-- The description is optional and defaults to the name -->
	<description>Thank you for choosing the Solr Joomla extension created by John Verwoerd for private use</description>
	<install> <!-- Runs on install -->
		<sql>
			<file driver="mysql" charset="utf8">sql/install.mysql.utf8.sql</file>
		</sql>
	</install>
	<uninstall>
		<sql>
			<file driver="mysql" charset="utf8">sql/uninstall.mysql.utf8.sql</file>
		</sql>
	</uninstall> 
	<update>
		<schemas>
			<schemapath type="mysql">sql/updates/mysql</schemapath>
		</schemas>
	</update>
 
	<!-- Site Main File Copy Section -->
	<!-- Note the folder attribute: This attribute describes the folder
		to copy FROM in the package to install therefore files copied
		in this section are copied from /site/ in the package -->
	<files folder="site">
		<filename>index.html</filename>
		<filename>solr.php</filename>
		<filename>controller.php</filename>		
		<folder>views</folder>
		<folder>models</folder>	
		<folder>language</folder>
	</files>
	
	<media destination="com_solr" folder="media">
		<filename>index.html</filename>
		<folder>images</folder>
		<folder>css</folder>
	</media>
 
 
	<administration>
		<!-- Administration Menu Section -->
		<menu>solr</menu>
		<submenu>
			<menu view="configuration">Control panel</menu>
			<menu view="news">News</menu>
			<menu view="info">Info</menu>
		</submenu>		
		<!-- Administration Main File Copy Section -->
		<!-- Note the folder attribute: This attribute describes the folder
			to copy FROM in the package to install therefore files copied
			in this section are copied from /admin/ in the package -->
		<files folder="admin">
			<!-- Admin Main File Copy Section -->
			<filename>config.xml</filename>			
			<filename>index.html</filename>
			<filename>solr.php</filename>			
			<filename>controller.php</filename>			
			<!-- SQL files section -->
			<folder>sql</folder>
			<folder>tables</folder>
			<folder>models</folder>
						
			<!-- views files section -->
			<folder>views</folder>			
			<folder>controllers</folder>
			<folder>helpers</folder>				
		</files>
		<languages folder="admin">
			<language tag="en-GB">language/en-GB/en-GB.com_solr.ini</language>
			<language tag="en-GB">language/en-GB/en-GB.com_solr.sys.ini</language>
			<language tag="nl-NL">language/nl-NL/nl-NL.com_solr.ini</language>
			<language tag="nl-NL">language/nl-NL/nl-NL.com_solr.sys.ini</language>			
		</languages>		
	</administration>
</extension>
